{"products":[{"id":"0.8800430289328316","quantity":1}],"totalPrice":19.999999999999993}